id,name,kind,look_url,look_image,models
AERO-X2GRIFFON-001,"X2Griffon",stratospheric_platform,https://midwestsds.com/x2.html,https://midwestsds.com/images/x2griffon.png,"aerostratospheric/uogw-scientific-suite;aerostratospheric/uogw-aerostratospheric-forecast;aerostratospheric/msds-open-models"
AERO-X1ALBATROSS-001,"x1Albatross",mid_altitude_drift_platform,https://midwestsds.com/platforms.html,https://midwestsds.com/images/x2griffon.png,"aerostratospheric/uogw-scientific-suite;aerostratospheric/uogw-aerostratospheric-forecast"
AERO-MADAP-001,"MAD-AP",mid_altitude_payload,https://midwestsds.com/platforms.html,https://midwestsds.com/images/x2griffon.png,"aerostratospheric/msds-open-models;aerostratospheric/uogw-scientific-suite"
AERO-XFALL2-001,"xFall2",recovery_tracker,https://midwestsds.com/,https://midwestsds.com/images/xfall2.png,"aerostratospheric/msds-open-models"
AERO-AERODEFENDER-001,"Aerodefender",defense_concept_platform,https://midwestsds.com/aerostratospheric-defense-systems.html,https://midwestsds.com/images/xdatahub.png,"aerostratospheric/gir-open-tier-suite"
AERO-KILCASEY47,"Aerostratospheric Fixed Weather Station",ground_station,https://www.wunderground.com/dashboard/pws/KILCASEY47,https://cdn.star.nesdis.noaa.gov/GOES16/ABI/CONUS/GEOCOLOR/latest.jpg,"aerostratospheric/uogw-weather-forecast;aerostratospheric/uogw-tornado-trends"
OA-KBLV,"Scott AFB / Midamerica Airport",public_airfield,https://ourairports.com/airports/KBLV/,https://images-assets.nasa.gov/image/PIA18033/PIA18033~medium.jpg,"aerostratospheric/gir-open-tier-suite"
OA-KFFO,"Wright-Patterson Air Force Base",public_airfield,https://ourairports.com/airports/KFFO/,https://images-assets.nasa.gov/image/PIA18033/PIA18033~medium.jpg,"aerostratospheric/gir-open-tier-suite"
OA-KSZL,"Whiteman Air Force Base",public_airfield,https://ourairports.com/airports/KSZL/,https://images-assets.nasa.gov/image/PIA18033/PIA18033~medium.jpg,"aerostratospheric/gir-open-tier-suite"
OA-KTIP,"Rantoul National Aviation Center",public_airfield,https://ourairports.com/airports/KTIP/,https://images-assets.nasa.gov/image/PIA18033/PIA18033~medium.jpg,"aerostratospheric/gir-open-tier-suite"
TYPE-C17,"C-17 Globemaster III",aircraft_type,https://www.af.mil/About-Us/Fact-Sheets/Display/Article/104523/c-17-globemaster-iii/,https://images-assets.nasa.gov/image/PIA18033/PIA18033~medium.jpg,"aerostratospheric/gir-open-tier-suite"
TYPE-C130,"C-130 Hercules",aircraft_type,https://www.af.mil/About-Us/Fact-Sheets/Display/Article/1555054/c-130-hercules/,https://commons.wikimedia.org/wiki/Special:FilePath/Lockheed_C-130_Hercules.jpg,"aerostratospheric/gir-open-tier-suite"
